Workbook

Sheet Sheet1
D4: Doctor ID | E4: Doctor Name | F4: Department | G4: Consultation Fee (Rs)
D5: DOCO1 | E5: Dr. Amit Sharma | F5: Cardiology | G5: 800
D6: DOCO2 | E6: Dr. Neha Verma | F6: Neurology | G6: 1000
D7: DOCO3 | E7: Dr. Rahul Mehta | F7: Orthopedics | G7: 700
D8: DOCO4 | E8: Dr. Priya Singh | F8: Pediatrics | G8: 600
D9: DOCO5 | E9: Dr. Anil Kumar | F9: General Medicine | G9: 500
D10: DOCO6 | E10: Dr. Sunita Rao | F10: Gynecology | G10: 900
D11: DOCO7 | E11: Dr. Vikram Patel | F11: Dermatology | G11: 650
D12: DOCO8 | E12: Dr. Pooja Nair | F12: ENT | G12: 550
D13: DOCO9 | E13: Dr. Suresh Iyer | F13: Ophthalmology | G13: 750
D14: DOCO10 | E14: Dr. Kavita Joshi | F14: Psychiatry | G14: 1100

Sheet Sheet2
D5: Appointment ID | E5: Patient Name | F5: Doctor ID | G5: Appointment Date | H5: Scheduled Time | I5: Actual Time | J5: Waiting Time | K5: Status
D6: A0001 | E6: Ahmed Raza | F6: DOC01 | G6: 46175 | H6: 0.41666667 | I6: 0.37847222 | J6: =IF(I6="","",I6-H6) -> -0.038194444 | K6: =IF(I6="","Missed",IF(I6<=H6,"On Time","Late")) -> On Time
D7: A0002 | E7: Zainab Fatima | F7: DOC02 | G7: 46175 | H7: 0.4375 | I7: 0.4375 | J7: =IF(I7="","",I7-H7) -> 0 | K7: =IF(I7="","Missed",IF(I7<=H7,"On Time","Late")) -> On Time
D8: A0003 | E8: Salman Iqbal | F8: DOC03 | G8: 46175 | H8: 0.45833333 | I8: 0.42708333 | J8: =IF(I8="","",I8-H8) -> -0.03125 | K8: =IF(I8="","Missed",IF(I8<=H8,"On Time","Late")) -> On Time
D9: A0004 | E9: Mariam Siddiqui | F9: DOC04 | G9: 46175 | H9: 0.47916667 | I9: 0.48263889 | J9: =IF(I9="","",I9-H9) -> 0.0034722222 | K9: =IF(I9="","Missed",IF(I9<=H9,"On Time","Late")) -> Late
D10: A0005 | E10: Hassan Ali | F10: DOC05 | G10: 46205 | H10: 0.41666667 | I10: 0.42361111 | J10: =IF(I10="","",I10-H10) -> 0.0069444444 | K10: =IF(I10="","Missed",IF(I10<=H10,"On Time","Late")) -> Late
D11: A0006 | E11: Anaya Khan | F11: DOC06 | G11: 46205 | H11: 0.4375 | J11: =IF(I11="","",I11-H11) | K11: =IF(I11="","Missed",IF(I11<=H11,"On Time","Late")) -> Missed
D12: A0007 | E12: Imran Ahmed | F12: DOC07 | G12: 46205 | H12: 0.45833333 | I12: 0.46180556 | J12: =IF(I12="","",I12-H12) -> 0.0034722222 | K12: =IF(I12="","Missed",IF(I12<=H12,"On Time","Late")) -> Late
D13: A0008 | E13: Noor ul Ain | F13: DOC08 | G13: 46205 | H13: 0.47916667 | I13: 0.48611111 | J13: =IF(I13="","",I13-H13) -> 0.0069444444 | K13: =IF(I13="","Missed",IF(I13<=H13,"On Time","Late")) -> Late
D14: A0009 | E14: Kamran Malik | F14: DOCO9 | G14: 46236 | H14: 0.41666667 | I14: 0.41666667 | J14: =IF(I14="","",I14-H14) -> 0 | K14: =IF(I14="","Missed",IF(I14<=H14,"On Time","Late")) -> On Time
D15: A0010 | E15: Areeba Hussain | F15: DOC010 | G15: 46236 | H15: 0.4375 | I15: 0.4375 | J15: =IF(I15="","",I15-H15) -> 0 | K15: =IF(I15="","Missed",IF(I15<=H15,"On Time","Late")) -> On Time

Sheet Sheet3
E5: Appointment ID | F5: Appointment Date | G5: Patient Name | H5: Doctor ID | I5: Doctor Fee | J5: Total Bill
E6: A0001 | F6: =VLOOKUP(E6,Appointment_Details[[Appointment ID]:[Waiting Time]],4,0) -> 46175 | G6: =VLOOKUP(E6,Appointment_Details[[Appointment ID]:[Waiting Time]],2,0) -> Ahmed Raza | H6: =VLOOKUP(E6,Appointment_Details[[Appointment ID]:[Waiting Time]],3,0) -> DOC01 | I6: =VLOOKUP(Sheet1!D5,Doctor_Details[],4,0) -> 800 | J6: =I6 -> 800
E7: A0002 | F7: =VLOOKUP(E7,Appointment_Details[[Appointment ID]:[Waiting Time]],4,0) -> 46175 | G7: =VLOOKUP(E7,Appointment_Details[[Appointment ID]:[Waiting Time]],2,0) -> Zainab Fatima | H7: =VLOOKUP(E7,Appointment_Details[[Appointment ID]:[Waiting Time]],3,0) -> DOC02 | I7: =VLOOKUP(Sheet1!D6,Doctor_Details[],4,0) -> 1000 | J7: =I7 -> 1000
E8: A0003 | F8: =VLOOKUP(E8,Appointment_Details[[Appointment ID]:[Waiting Time]],4,0) -> 46175 | G8: =VLOOKUP(E8,Appointment_Details[[Appointment ID]:[Waiting Time]],2,0) -> Salman Iqbal | H8: =VLOOKUP(E8,Appointment_Details[[Appointment ID]:[Waiting Time]],3,0) -> DOC03 | I8: =VLOOKUP(Sheet1!D7,Doctor_Details[],4,0) -> 700 | J8: =I8 -> 700
E9: A0004 | F9: =VLOOKUP(E9,Appointment_Details[[Appointment ID]:[Waiting Time]],4,0) -> 46175 | G9: =VLOOKUP(E9,Appointment_Details[[Appointment ID]:[Waiting Time]],2,0) -> Mariam Siddiqui | H9: =VLOOKUP(E9,Appointment_Details[[Appointment ID]:[Waiting Time]],3,0) -> DOC04 | I9: =VLOOKUP(Sheet1!D8,Doctor_Details[],4,0) -> 600 | J9: =I9 -> 600
E10: A0005 | F10: =VLOOKUP(E10,Appointment_Details[[Appointment ID]:[Waiting Time]],4,0) -> 46205 | G10: =VLOOKUP(E10,Appointment_Details[[Appointment ID]:[Waiting Time]],2,0) -> Hassan Ali | H10: =VLOOKUP(E10,Appointment_Details[[Appointment ID]:[Waiting Time]],3,0) -> DOC05 | I10: =VLOOKUP(Sheet1!D9,Doctor_Details[],4,0) -> 500 | J10: =I10 -> 500
E11: A0006 | F11: =VLOOKUP(E11,Appointment_Details[[Appointment ID]:[Waiting Time]],4,0) -> 46205 | G11: =VLOOKUP(E11,Appointment_Details[[Appointment ID]:[Waiting Time]],2,0) -> Anaya Khan | H11: =VLOOKUP(E11,Appointment_Details[[Appointment ID]:[Waiting Time]],3,0) -> DOC06 | I11: =VLOOKUP(Sheet1!D10,Doctor_Details[],4,0) -> 900 | J11: =I11 -> 900
E12: A0007 | F12: =VLOOKUP(E12,Appointment_Details[[Appointment ID]:[Waiting Time]],4,0) -> 46205 | G12: =VLOOKUP(E12,Appointment_Details[[Appointment ID]:[Waiting Time]],2,0) -> Imran Ahmed | H12: =VLOOKUP(E12,Appointment_Details[[Appointment ID]:[Waiting Time]],3,0) -> DOC07 | I12: =VLOOKUP(Sheet1!D11,Doctor_Details[],4,0) -> 650 | J12: =I12 -> 650
E13: A0008 | F13: =VLOOKUP(E13,Appointment_Details[[Appointment ID]:[Waiting Time]],4,0) -> 46205 | G13: =VLOOKUP(E13,Appointment_Details[[Appointment ID]:[Waiting Time]],2,0) -> Noor ul Ain | H13: =VLOOKUP(E13,Appointment_Details[[Appointment ID]:[Waiting Time]],3,0) -> DOC08 | I13: =VLOOKUP(Sheet1!D12,Doctor_Details[],4,0) -> 550 | J13: =I13 -> 550
E14: A0009 | F14: =VLOOKUP(E14,Appointment_Details[[Appointment ID]:[Waiting Time]],4,0) -> 46236 | G14: =VLOOKUP(E14,Appointment_Details[[Appointment ID]:[Waiting Time]],2,0) -> Kamran Malik | H14: =VLOOKUP(E14,Appointment_Details[[Appointment ID]:[Waiting Time]],3,0) -> DOCO9 | I14: =VLOOKUP(Sheet1!D13,Doctor_Details[],4,0) -> 750 | J14: =I14 -> 750
E15: A0010 | F15: =VLOOKUP(E15,Appointment_Details[[Appointment ID]:[Waiting Time]],4,0) -> 46236 | G15: =VLOOKUP(E15,Appointment_Details[[Appointment ID]:[Waiting Time]],2,0) -> Areeba Hussain | H15: =VLOOKUP(E15,Appointment_Details[[Appointment ID]:[Waiting Time]],3,0) -> DOC010 | I15: =VLOOKUP(Sheet1!D14,Doctor_Details[],4,0) -> 1100 | J15: =I15 -> 1100

Sheet Sheet4
D7: Date | E7: Total Patients | F7: Total Revenue
D8: 46175 | E8: =COUNTIF(Appointment_Details[Appointment Date],D8) -> 4 | F8: =SUMIF(Appointment_Details[Appointment Date],D8,Billing[Total Bill]) -> 3100
D9: 46205 | E9: =COUNTIF(Appointment_Details[Appointment Date],D9) -> 4 | F9: =SUMIF(Appointment_Details[Appointment Date],D9,Billing[Total Bill]) -> 2600
D10: 46238 | E10: =COUNTIF(Appointment_Details[Appointment Date],D10) -> 0 | F10: =SUMIF(Appointment_Details[Appointment Date],D10,Billing[Total Bill]) -> 0

Sheet Sheet5
D8: Doctor Name | E8: Total Patients | F8: Total Revenue (Rs)
D9: Dr. Amit Sharma | E9: =COUNTIF(Billing[],Billing[Doctor ID]) -> 1 | F9: =SUMIF(Sheet3!H:H,D9,Sheet3!I:I) -> 0
D10: Dr. Neha Verma | E10: =COUNTIF(Billing[],Billing[Doctor ID]) -> 1 | F10: =SUMIF(Sheet3!H:H,D10,Sheet3!I:I) -> 0
D11: Dr. Rahul Mehta | E11: =COUNTIF(Billing[],Billing[Doctor ID]) -> 1 | F11: =SUMIF(Sheet3!H:H,D11,Sheet3!I:I) -> 0
D12: Dr. Priya Singh | E12: =COUNTIF(Billing[],Billing[Doctor ID]) -> 1 | F12: =SUMIF(Sheet3!H:H,D12,Sheet3!I:I) -> 0
D13: Dr. Anil Kumar | E13: =COUNTIF(Billing[],Billing[Doctor ID]) -> 1 | F13: =SUMIF(Sheet3!H:H,D13,Sheet3!I:I) -> 0
D14: Dr. Sunita Rao | E14: =COUNTIF(Billing[],Billing[Doctor ID]) -> 1 | F14: =SUMIF(Sheet3!H:H,D14,Sheet3!I:I) -> 0
D15: Dr. Vikram Patel | E15: =COUNTIF(Billing[],Billing[Doctor ID]) -> 1 | F15: =SUMIF(Sheet3!H:H,D15,Sheet3!I:I) -> 0
D16: Dr. Pooja Nair | E16: =COUNTIF(Billing[],Billing[Doctor ID]) -> 0 | F16: =SUMIF(Sheet3!H:H,D16,Sheet3!I:I) -> 0
D17: Dr. Suresh Iyer | E17: =COUNTIF(Billing[],Billing[Doctor ID]) -> 0 | F17: =SUMIF(Sheet3!H:H,D17,Sheet3!I:I) -> 0
D18: Dr. Kavita Joshi | E18: =COUNTIF(Billing[],Billing[Doctor ID]) -> 0 | F18: =SUMIF(Sheet3!H:H,D18,Sheet3!I:I) -> 0
